{"RepetitionTime": 1.75, "TaskName": "ARC", "SliceTiming": [0.0, 0.08333333333333334, 0.16666666666666669, 0.25, 0.33333333333333337, 0.41666666666666674, 0.5, 0.5833333333333334, 0.6666666666666667, 0.7500000000000001, 0.8333333333333335, 0.9166666666666667, 1.0, 1.0833333333333335, 1.1666666666666667, 1.2500000000000002, 1.3333333333333335, 1.4166666666666667, 1.5000000000000002, 1.5833333333333335, 1.6666666666666667, 0.0, 0.08333333333333334, 0.16666666666666669, 0.25, 0.33333333333333337, 0.41666666666666674, 0.5, 0.5833333333333334, 0.6666666666666667, 0.7500000000000001, 0.8333333333333335, 0.9166666666666667, 1.0, 1.0833333333333335, 1.1666666666666667, 1.2500000000000002, 1.3333333333333335, 1.4166666666666667, 1.5000000000000002, 1.5833333333333335, 1.6666666666666667, 0.0, 0.08333333333333334, 0.16666666666666669, 0.25, 0.33333333333333337, 0.41666666666666674, 0.5, 0.5833333333333334, 0.6666666666666667, 0.7500000000000001, 0.8333333333333335, 0.9166666666666667, 1.0, 1.0833333333333335, 1.1666666666666667, 1.2500000000000002, 1.3333333333333335, 1.4166666666666667, 1.5000000000000002, 1.5833333333333335, 1.6666666666666667]}